measurement_id,annotation_id,specimen_id,dimension,source_annotation_cm,direct_ruler_reading_cm,approximate_reading_interval_cm,reference_category,organ_kind,source_annotation_image,supporting_photos,reconstructed_value_cm,eligible_for_accuracy_statistics,units_independently_confirmed,board_dimensions_operator_confirmed,coordinate_unit,correspondence_status,exclusion_reason,operator_reference_available,manual_units_status,operator_annotation_independent_certification_required_for_conditional_comparison,comparison_status,observed_vertical_span_cm,current_reason,next_step,observed_partial_chord_cm,observed_section_chord_cm,conditional_difference_cm,conditional_relative_difference_percent,endpoint_evidence
P1.H01.height,P1.H01,P1,height,53.5,,,operator_annotation_only,whole_plant,manual_validation_5-plants_28-09/plant-1_measurements.jpeg,[],,False,False,True,board-referenced metre,specimen_identity_supported_endpoint_pair_unresolved,Dry blades overlap narrow stems at the soil junction; the measured stem origin cannot be isolated. Highest retained surface projects to the upper green blade tip. Cereal ear awns extend beyond the dense ear body and are incompletely reconstructed; the very highest biological tip is not certified.,True,Centimetres as reported by operators; no rescaling to force agreement,False,extent_completeness_diagnostic_not_height_accuracy,48.156094823814705,Dry blades overlap narrow stems at the soil junction; the measured stem origin cannot be isolated. Highest retained surface projects to the upper green blade tip. Cereal ear awns extend beyond the dense ear body and are incompletely reconstructed; the very highest biological tip is not certified.,Mark actual stem emergence and highest living/flower tip in retained source geometry; inspect missing fine tips and verify vertical reference.,,,,,
P1.O01.length,P1.O01,P1,length,12.5,,,operator_annotation_only,leaf,manual_validation_5-plants_28-09/plant-1_measurements.jpeg,"[""manual_validation_5-plants_28-09/plant-1/Media (3).jpeg""]",,False,False,True,board-referenced metre,unresolved,Organ identity unresolved or tentative; no nearest-shape or dimension-based assignment.,True,Centimetres as reported by operators; no rescaling to force agreement,False,organ_identity_unresolved,,Organ identity unresolved or tentative; no nearest-shape or dimension-based assignment.,Resolve specific ruler-photo-to-scan organ association before calculating a size residual.,,,,,
P1.O01.width,P1.O01,P1,width,1,1.1,"[0.9, 1.3]",photo_supported_approximate,leaf,manual_validation_5-plants_28-09/plant-1_measurements.jpeg,"[""manual_validation_5-plants_28-09/plant-1/Media (4).jpeg""]",,False,False,True,board-referenced metre,unresolved,Organ identity unresolved or tentative; no nearest-shape or dimension-based assignment. Photographed section is not demonstrated to be maximum width.,True,Centimetres as reported by operators; no rescaling to force agreement,False,organ_identity_unresolved,,Organ identity unresolved or tentative; no nearest-shape or dimension-based assignment. Photographed section is not demonstrated to be maximum width.,Resolve specific ruler-photo-to-scan organ association before calculating a size residual.,,,,,
P1.O02.length,P1.O02,P1,length,10.9,10.9,"[10.6, 11.2]",photo_supported_approximate,leaf,manual_validation_5-plants_28-09/plant-1_measurements.jpeg,"[""manual_validation_5-plants_28-09/plant-1/Media (1).jpeg""]",,False,False,True,board-referenced metre,candidate_medium,Organ identity unresolved or tentative; no nearest-shape or dimension-based assignment.,True,Centimetres as reported by operators; no rescaling to force agreement,False,organ_identity_unresolved,,Organ identity unresolved or tentative; no nearest-shape or dimension-based assignment.,Resolve specific ruler-photo-to-scan organ association before calculating a size residual.,,,,,
P1.O02.width,P1.O02,P1,width,1,1.0,"[0.8, 1.2]",photo_supported_approximate,leaf,manual_validation_5-plants_28-09/plant-1_measurements.jpeg,"[""manual_validation_5-plants_28-09/plant-1/Media (2).jpeg""]",,False,False,True,board-referenced metre,candidate_medium,Organ identity unresolved or tentative; no nearest-shape or dimension-based assignment. Photographed section is not demonstrated to be maximum width.,True,Centimetres as reported by operators; no rescaling to force agreement,False,organ_identity_unresolved,,Organ identity unresolved or tentative; no nearest-shape or dimension-based assignment. Photographed section is not demonstrated to be maximum width.,Resolve specific ruler-photo-to-scan organ association before calculating a size residual.,,,,,
P1.O03.length,P1.O03,P1,length,7.3,7.3,"[7.0, 7.6]",photo_supported_approximate,leaf,manual_validation_5-plants_28-09/plant-1_measurements.jpeg,"[""manual_validation_5-plants_28-09/plant-1/Media (5).jpeg""]",,False,False,True,board-referenced metre,source_identity_supported_high,"Image identity supported, but complete homologous blade/ear endpoints and the ruler width cross-section are not frozen in 3D. An interior pool cannot supply full-organ length or width.",True,Centimetres as reported by operators; no rescaling to force agreement,False,partial_observed_length_definition_mismatch,,"Magnified source review shows the thin dry terminal tip extends beyond this reconstructed endpoint. This is partial observed extent, not whole-leaf length, so no reference residual is computed.",Recover true terminal/base points without substituting farther nearest points.,5.805813558060206,,,,
P1.O03.width,P1.O03,P1,width,9,0.8,"[0.6, 1.0]",photo_supported_approximate,leaf,manual_validation_5-plants_28-09/plant-1_measurements.jpeg,"[""manual_validation_5-plants_28-09/plant-1/Media (6).jpeg""]",,False,False,True,board-referenced metre,source_identity_supported_high,"Image identity supported, but complete homologous blade/ear endpoints and the ruler width cross-section are not frozen in 3D. An interior pool cannot supply full-organ length or width. Photographed section is not demonstrated to be maximum width.",True,Centimetres as reported by operators; no rescaling to force agreement,False,reference_discrepancy_and_partial_width,,"Operator annotation is 9 cm but previous ruler-photo review estimates 0.8 cm (0.6-1.0); new retained-edge chord is only a local narrow section, not the photographed section. Do not silently change 9 cm to 9 mm.",Review ruler source and confirm decimal/unit; choose the same physical blade section.,,0.34477037243138364,,,
P1.O04.length,P1.O04,P1,length,6.5,6.4,"[6.1, 6.7]",photo_supported_approximate,ear,manual_validation_5-plants_28-09/plant-1_measurements.jpeg,"[""manual_validation_5-plants_28-09/plant-1/Media (7).jpeg""]",,False,False,True,board-referenced metre,source_identity_supported_high,"Image identity supported, but complete homologous blade/ear endpoints and the ruler width cross-section are not frozen in 3D. An interior pool cannot supply full-organ length or width. Ear excluded from leaf statistics.",True,Centimetres as reported by operators; no rescaling to force agreement,False,attempted_missing_supported_endpoint,,Frozen source margin lacked a retained same-plant point within 4 px with two-view stereo-depth support; no farther point substituted.,"Inspect alternative source views for the same margin; rerun local stereo recovery if supported, otherwise mark missing.",,,,,
P1.O04.width,P1.O04,P1,width,1.6,,,operator_annotation_only,ear,manual_validation_5-plants_28-09/plant-1_measurements.jpeg,"[""manual_validation_5-plants_28-09/plant-1/Media (8).jpeg""]",,False,False,True,board-referenced metre,source_identity_supported_high,"Image identity supported, but complete homologous blade/ear endpoints and the ruler width cross-section are not frozen in 3D. An interior pool cannot supply full-organ length or width. Ear excluded from leaf statistics. Photographed section is not demonstrated to be maximum width.",True,Centimetres as reported by operators; no rescaling to force agreement,False,attempted_missing_supported_endpoint,,Frozen source margin lacked a retained same-plant point within 4 px with two-view stereo-depth support; no farther point substituted.,"Inspect alternative source views for the same margin; rerun local stereo recovery if supported, otherwise mark missing.",,,,,
P2.H01.height,P2.H01,P2,height,51.7,,,operator_annotation_only,whole_plant,manual_validation_5-plants_28-09/plant-2_measurements_02.png,"[""manual_validation_5-plants_28-09/plant-2/Media (1).jpeg"", ""manual_validation_5-plants_28-09/plant-2/Media (2).jpeg"", ""manual_validation_5-plants_28-09/plant-2/Media (3).jpeg""]",,False,False,True,board-referenced metre,specimen_identity_supported_endpoint_pair_unresolved,"Exposed curved green basal stem is visible against soil, but its precise emergence and measurement zero are unresolved. Highest retained points project to a curled yellowing edge and nearby overlapping tissue. Small terminal buds and curled margins are not a unique certified top endpoint.",True,Centimetres as reported by operators; no rescaling to force agreement,False,extent_completeness_diagnostic_not_height_accuracy,51.32792412716801,"Exposed curved green basal stem is visible against soil, but its precise emergence and measurement zero are unresolved. Highest retained points project to a curled yellowing edge and nearby overlapping tissue. Small terminal buds and curled margins are not a unique certified top endpoint.",Mark actual stem emergence and highest living/flower tip in retained source geometry; inspect missing fine tips and verify vertical reference.,,,,,
P2.O01.length,P2.O01,P2,length,5,,,operator_annotation_only,leaf,manual_validation_5-plants_28-09/plant-2_measurements_01.png,"[""manual_validation_5-plants_28-09/plant-2/Leaf-1/Media.jpeg""]",,False,False,True,board-referenced metre,candidate_medium,Organ identity unresolved or tentative; no nearest-shape or dimension-based assignment.,True,Centimetres as reported by operators; no rescaling to force agreement,False,organ_identity_unresolved,,Organ identity unresolved or tentative; no nearest-shape or dimension-based assignment.,Resolve specific ruler-photo-to-scan organ association before calculating a size residual.,,,,,
P2.O01.width,P2.O01,P2,width,2.7,,,operator_annotation_only,leaf,manual_validation_5-plants_28-09/plant-2_measurements_01.png,"[""manual_validation_5-plants_28-09/plant-2/Leaf-1/Media (1).jpeg""]",,False,False,True,board-referenced metre,candidate_medium,Organ identity unresolved or tentative; no nearest-shape or dimension-based assignment. Photographed section is not demonstrated to be maximum width.,True,Centimetres as reported by operators; no rescaling to force agreement,False,organ_identity_unresolved,,Organ identity unresolved or tentative; no nearest-shape or dimension-based assignment. Photographed section is not demonstrated to be maximum width.,Resolve specific ruler-photo-to-scan organ association before calculating a size residual.,,,,,
P2.O02.length,P2.O02,P2,length,3.9,3.9,"[3.6, 4.2]",photo_supported_approximate,leaf,manual_validation_5-plants_28-09/plant-2_measurements_01.png,"[""manual_validation_5-plants_28-09/plant-2/Leaf-2/Media.jpeg""]",,False,False,True,board-referenced metre,unresolved,Organ identity unresolved or tentative; no nearest-shape or dimension-based assignment.,True,Centimetres as reported by operators; no rescaling to force agreement,False,organ_identity_unresolved,,Organ identity unresolved or tentative; no nearest-shape or dimension-based assignment.,Resolve specific ruler-photo-to-scan organ association before calculating a size residual.,,,,,
P2.O02.width,P2.O02,P2,width,3.4,3.5,"[3.2, 3.8]",photo_supported_approximate,leaf,manual_validation_5-plants_28-09/plant-2_measurements_01.png,"[""manual_validation_5-plants_28-09/plant-2/Leaf-2/Media (1).jpeg""]",,False,False,True,board-referenced metre,unresolved,Organ identity unresolved or tentative; no nearest-shape or dimension-based assignment. Photographed section is not demonstrated to be maximum width.,True,Centimetres as reported by operators; no rescaling to force agreement,False,organ_identity_unresolved,,Organ identity unresolved or tentative; no nearest-shape or dimension-based assignment. Photographed section is not demonstrated to be maximum width.,Resolve specific ruler-photo-to-scan organ association before calculating a size residual.,,,,,
P3.H01.height,P3.H01,P3,height,52.8,,,operator_annotation_only,whole_plant,manual_validation_5-plants_28-09/plant-3_measurements_02.png,"[""manual_validation_5-plants_28-09/plant-3/Media (1).jpeg"", ""manual_validation_5-plants_28-09/plant-3/Media (2).jpeg"", ""manual_validation_5-plants_28-09/plant-3/Media (3).jpeg""]",,False,False,True,board-referenced metre,specimen_identity_supported_endpoint_pair_unresolved,"Purple/green petiole junction is visible, but the soil-level stem origin is beneath overlapping tissue. Branch-junction region only. Highest retained points lie in overlapping distal stalk/leaf tissue near the lower image edge. Long flowering-stem extremities and true terminal point are not fully resolved.",True,Centimetres as reported by operators; no rescaling to force agreement,False,extent_completeness_diagnostic_not_height_accuracy,50.49421445257626,"Purple/green petiole junction is visible, but the soil-level stem origin is beneath overlapping tissue. Branch-junction region only. Highest retained points lie in overlapping distal stalk/leaf tissue near the lower image edge. Long flowering-stem extremities and true terminal point are not fully resolved.",Mark actual stem emergence and highest living/flower tip in retained source geometry; inspect missing fine tips and verify vertical reference.,,,,,
P3.O01.length,P3.O01,P3,length,7.4,,,operator_annotation_only,leaf,manual_validation_5-plants_28-09/plant-3_measurements_01.png,"[""manual_validation_5-plants_28-09/plant-3/Leaf-5/Media.jpeg""]",,False,False,True,board-referenced metre,source_identity_supported_high,"Image identity supported, but complete homologous blade/ear endpoints and the ruler width cross-section are not frozen in 3D. An interior pool cannot supply full-organ length or width.",True,Centimetres as reported by operators; no rescaling to force agreement,False,source_point_anatomy_failed_multiview_check,,Closest projected basal point lay on a crossing stem in secondary views. A pixel match and depth support alone did not certify the correct anatomical endpoint; rejected before comparison.,Pick the basal junction in another unoccluded frame with cross-view anatomical agreement.,,,,,
P3.O01.width,P3.O01,P3,width,5.5,5.4,"[5.1, 5.7]",photo_supported_approximate,leaf,manual_validation_5-plants_28-09/plant-3_measurements_01.png,"[""manual_validation_5-plants_28-09/plant-3/Leaf-5/Media (1).jpeg""]",3.9358752315052756,False,False,True,board-referenced metre,source_identity_supported_high,"Image identity supported, but complete homologous blade/ear endpoints and the ruler width cross-section are not frozen in 3D. An interior pool cannot supply full-organ length or width. Photographed section is not demonstrated to be maximum width.",True,Centimetres as reported by operators; no rescaling to force agreement,False,conditional_same_organ_chord_comparison,,Strong source-image organ identity; same-organ opposing margins reviewed in three views. Natural-pose straight chord compared with held-ruler annotation; exact ruler cross-section and maximum-width convention remain conditional.,Operator review of displayed anatomical endpoints and ruler section; repeat uncertainty/pose characterization before publication as accuracy.,,,-1.5641247684947244,-28.438632154449532,P3.O01.width_candidate
P3.O02.length,P3.O02,P3,length,9.8,,,operator_annotation_only,leaf,manual_validation_5-plants_28-09/plant-3_measurements_01.png,"[""manual_validation_5-plants_28-09/plant-3/Leaf-4/Media.jpeg""]",9.12092539833513,False,False,True,board-referenced metre,source_identity_supported_high,"Image identity supported, but complete homologous blade/ear endpoints and the ruler width cross-section are not frozen in 3D. An interior pool cannot supply full-organ length or width.",True,Centimetres as reported by operators; no rescaling to force agreement,False,conditional_same_organ_chord_comparison,,"Strong source-image organ identity; basal/terminal candidates reviewed in three views. Natural-pose straight chord compared with operator held-ruler annotation; basal boundary, flattening and curve-length convention remain conditional.",Operator review of displayed anatomical endpoints and ruler section; repeat uncertainty/pose characterization before publication as accuracy.,,,-0.6790746016648708,-6.9293326700497015,P3.O02.length_candidate
P3.O02.width,P3.O02,P3,width,7.6,,,operator_annotation_only,leaf,manual_validation_5-plants_28-09/plant-3_measurements_01.png,"[""manual_validation_5-plants_28-09/plant-3/Leaf-4/Media (1).jpeg""]",9.265520307458768,False,False,True,board-referenced metre,source_identity_supported_high,"Image identity supported, but complete homologous blade/ear endpoints and the ruler width cross-section are not frozen in 3D. An interior pool cannot supply full-organ length or width. Photographed section is not demonstrated to be maximum width.",True,Centimetres as reported by operators; no rescaling to force agreement,False,conditional_same_organ_chord_comparison,,Strong source-image organ identity; same-organ opposing margins reviewed in three views. Natural-pose straight chord compared with held-ruler annotation; exact ruler cross-section and maximum-width convention remain conditional.,Operator review of displayed anatomical endpoints and ruler section; repeat uncertainty/pose characterization before publication as accuracy.,,,1.6655203074587686,21.914740887615377,P3.O02.width_candidate
P3.O03.length,P3.O03,P3,length,7.5,,,operator_annotation_only,leaf,manual_validation_5-plants_28-09/plant-3_measurements_01.png,"[""manual_validation_5-plants_28-09/plant-3/Leaf-3/Media.jpeg""]",7.691100957059331,False,False,True,board-referenced metre,source_identity_supported_high,"Image identity supported, but complete homologous blade/ear endpoints and the ruler width cross-section are not frozen in 3D. An interior pool cannot supply full-organ length or width.",True,Centimetres as reported by operators; no rescaling to force agreement,False,conditional_same_organ_chord_comparison,,"Strong source-image organ identity; basal/terminal candidates reviewed in three views. Natural-pose straight chord compared with operator held-ruler annotation; basal boundary, flattening and curve-length convention remain conditional.",Operator review of displayed anatomical endpoints and ruler section; repeat uncertainty/pose characterization before publication as accuracy.,,,0.19110095705933094,2.5480127607910794,P3.O03.length_candidate
P3.O03.width,P3.O03,P3,width,5.7,,,operator_annotation_only,leaf,manual_validation_5-plants_28-09/plant-3_measurements_01.png,"[""manual_validation_5-plants_28-09/plant-3/Leaf-3/Media (1).jpeg""]",5.036529578582992,False,False,True,board-referenced metre,source_identity_supported_high,"Image identity supported, but complete homologous blade/ear endpoints and the ruler width cross-section are not frozen in 3D. An interior pool cannot supply full-organ length or width. Photographed section is not demonstrated to be maximum width.",True,Centimetres as reported by operators; no rescaling to force agreement,False,conditional_same_organ_chord_comparison,,Strong source-image organ identity; same-organ opposing margins reviewed in three views. Natural-pose straight chord compared with held-ruler annotation; exact ruler cross-section and maximum-width convention remain conditional.,Operator review of displayed anatomical endpoints and ruler section; repeat uncertainty/pose characterization before publication as accuracy.,,,-0.6634704214170082,-11.639831954684356,P3.O03.width_candidate
P3.O04.length,P3.O04,P3,length,11,11.0,"[10.7, 11.3]",photo_supported_approximate,leaf,manual_validation_5-plants_28-09/plant-3_measurements_01.png,"[""manual_validation_5-plants_28-09/plant-3/Leaf-2/Media.jpeg""]",11.500610903923318,False,False,True,board-referenced metre,source_identity_supported_high,"Image identity supported, but complete homologous blade/ear endpoints and the ruler width cross-section are not frozen in 3D. An interior pool cannot supply full-organ length or width.",True,Centimetres as reported by operators; no rescaling to force agreement,False,conditional_same_organ_chord_comparison,,"Strong source-image organ identity; basal/terminal candidates reviewed in three views. Natural-pose straight chord compared with operator held-ruler annotation; basal boundary, flattening and curve-length convention remain conditional.",Operator review of displayed anatomical endpoints and ruler section; repeat uncertainty/pose characterization before publication as accuracy.,,,0.5006109039233184,4.551008217484713,P3.O04.length_candidate
P3.O04.width,P3.O04,P3,width,8.7,8.7,"[8.4, 9.0]",photo_supported_approximate,leaf,manual_validation_5-plants_28-09/plant-3_measurements_01.png,"[""manual_validation_5-plants_28-09/plant-3/Leaf-2/Media (1).jpeg""]",7.081279655122308,False,False,True,board-referenced metre,source_identity_supported_high,"Image identity supported, but complete homologous blade/ear endpoints and the ruler width cross-section are not frozen in 3D. An interior pool cannot supply full-organ length or width. Photographed section is not demonstrated to be maximum width.",True,Centimetres as reported by operators; no rescaling to force agreement,False,conditional_same_organ_chord_comparison,,Strong source-image organ identity; same-organ opposing margins reviewed in three views. Natural-pose straight chord compared with held-ruler annotation; exact ruler cross-section and maximum-width convention remain conditional.,Operator review of displayed anatomical endpoints and ruler section; repeat uncertainty/pose characterization before publication as accuracy.,,,-1.6187203448776915,-18.60598097560565,P3.O04.width_candidate
P3.O05.length,P3.O05,P3,length,9.2,9.2,"[8.9, 9.5]",photo_supported_approximate,leaf,manual_validation_5-plants_28-09/plant-3_measurements_01.png,"[""manual_validation_5-plants_28-09/plant-3/Leaf-1/Media.jpeg""]",,False,False,True,board-referenced metre,source_identity_supported_high,"Image identity supported, but complete homologous blade/ear endpoints and the ruler width cross-section are not frozen in 3D. An interior pool cannot supply full-organ length or width.",True,Centimetres as reported by operators; no rescaling to force agreement,False,source_point_anatomy_failed_multiview_check,,Closest projected basal point lay on a crossing stem in secondary views. A pixel match and depth support alone did not certify the correct anatomical endpoint; rejected before comparison.,Pick the basal junction in another unoccluded frame with cross-view anatomical agreement.,,,,,
P3.O05.width,P3.O05,P3,width,7.7,7.7,"[7.4, 8.0]",photo_supported_approximate,leaf,manual_validation_5-plants_28-09/plant-3_measurements_01.png,"[""manual_validation_5-plants_28-09/plant-3/Leaf-1/Media (1).jpeg""]",,False,False,True,board-referenced metre,source_identity_supported_high,"Image identity supported, but complete homologous blade/ear endpoints and the ruler width cross-section are not frozen in 3D. An interior pool cannot supply full-organ length or width. Photographed section is not demonstrated to be maximum width.",True,Centimetres as reported by operators; no rescaling to force agreement,False,attempted_missing_supported_endpoint,,Frozen source margin lacked a retained same-plant point within 4 px with two-view stereo-depth support; no farther point substituted.,"Inspect alternative source views for the same margin; rerun local stereo recovery if supported, otherwise mark missing.",,,,,
P3.O06.length,P3.O06,P3,length,7.5,,,operator_annotation_only,leaf,manual_validation_5-plants_28-09/plant-3_measurements_01.png,"[""manual_validation_5-plants_28-09/plant-3/Leaf-6/Media.jpeg""]",,False,False,True,board-referenced metre,candidate_medium,Organ identity unresolved or tentative; no nearest-shape or dimension-based assignment.,True,Centimetres as reported by operators; no rescaling to force agreement,False,organ_identity_unresolved,,Organ identity unresolved or tentative; no nearest-shape or dimension-based assignment.,Resolve specific ruler-photo-to-scan organ association before calculating a size residual.,,,,,
P3.O06.width,P3.O06,P3,width,6.3,,,operator_annotation_only,leaf,manual_validation_5-plants_28-09/plant-3_measurements_01.png,"[""manual_validation_5-plants_28-09/plant-3/Leaf-6/Media (1).jpeg""]",,False,False,True,board-referenced metre,candidate_medium,Organ identity unresolved or tentative; no nearest-shape or dimension-based assignment. Photographed section is not demonstrated to be maximum width.,True,Centimetres as reported by operators; no rescaling to force agreement,False,organ_identity_unresolved,,Organ identity unresolved or tentative; no nearest-shape or dimension-based assignment. Photographed section is not demonstrated to be maximum width.,Resolve specific ruler-photo-to-scan organ association before calculating a size residual.,,,,,
P4.H01.height,P4.H01,P4,height,52.3,,,operator_annotation_only,whole_plant,manual_validation_5-plants_28-09/plant-4_measurements_02.png,"[""manual_validation_5-plants_28-09/plant-4/Media (1).jpeg"", ""manual_validation_5-plants_28-09/plant-4/Media (2).jpeg""]",,False,False,True,board-referenced metre,specimen_identity_supported_endpoint_pair_unresolved,"Pot-centre origin is obscured by leaves and crossing flowering stems. Region candidate only; no visible stem-base endpoint. Highest retained surface projects to a terminal pale bud/flower cluster, but its exact outermost endpoint and complete depth support remain uncertain.",True,Centimetres as reported by operators; no rescaling to force agreement,False,extent_completeness_diagnostic_not_height_accuracy,44.81058269684123,"Pot-centre origin is obscured by leaves and crossing flowering stems. Region candidate only; no visible stem-base endpoint. Highest retained surface projects to a terminal pale bud/flower cluster, but its exact outermost endpoint and complete depth support remain uncertain.",Mark actual stem emergence and highest living/flower tip in retained source geometry; inspect missing fine tips and verify vertical reference.,,,,,
P4.O01.length,P4.O01,P4,length,3,,,unusable_for_leaf_validation_pending_organ_type,uncertain_leaf_or_pod,manual_validation_5-plants_28-09/plant-4_measurements_01.png,"[""manual_validation_5-plants_28-09/plant-4/Leaf-1/Media.jpeg""]",,False,False,True,board-referenced metre,unresolved,Organ identity unresolved or tentative; no nearest-shape or dimension-based assignment. Leaf-versus-pod identity unresolved.,True,Centimetres as reported by operators; no rescaling to force agreement,False,organ_identity_and_type_unresolved,,Repeated similar narrow organs cannot be matched uniquely from ruler to scan; leaf versus pod identity unresolved.,Confirm organ kind and annotated individual branch/object with operator.,,,,,
P4.O01.width,P4.O01,P4,width,0.2,,,unusable_for_leaf_validation_pending_organ_type,uncertain_leaf_or_pod,manual_validation_5-plants_28-09/plant-4_measurements_01.png,"[""manual_validation_5-plants_28-09/plant-4/Leaf-1/Media (1).jpeg""]",,False,False,True,board-referenced metre,unresolved,Organ identity unresolved or tentative; no nearest-shape or dimension-based assignment. Leaf-versus-pod identity unresolved. Photographed section is not demonstrated to be maximum width.,True,Centimetres as reported by operators; no rescaling to force agreement,False,organ_identity_and_type_unresolved,,Repeated similar narrow organs cannot be matched uniquely from ruler to scan; leaf versus pod identity unresolved.,Confirm organ kind and annotated individual branch/object with operator.,,,,,
P4.O02.length,P4.O02,P4,length,2.8,,,unusable_for_leaf_validation_pending_organ_type,uncertain_leaf_or_pod,manual_validation_5-plants_28-09/plant-4_measurements_01.png,"[""manual_validation_5-plants_28-09/plant-4/Leaf-2/Media.jpeg""]",,False,False,True,board-referenced metre,unresolved,Organ identity unresolved or tentative; no nearest-shape or dimension-based assignment. Leaf-versus-pod identity unresolved.,True,Centimetres as reported by operators; no rescaling to force agreement,False,organ_identity_and_type_unresolved,,Repeated similar narrow organs cannot be matched uniquely from ruler to scan; leaf versus pod identity unresolved.,Confirm organ kind and annotated individual branch/object with operator.,,,,,
P4.O02.width,P4.O02,P4,width,0.5,,,unusable_for_leaf_validation_pending_organ_type,uncertain_leaf_or_pod,manual_validation_5-plants_28-09/plant-4_measurements_01.png,"[""manual_validation_5-plants_28-09/plant-4/Leaf-2/Media (1).jpeg""]",,False,False,True,board-referenced metre,unresolved,Organ identity unresolved or tentative; no nearest-shape or dimension-based assignment. Leaf-versus-pod identity unresolved. Photographed section is not demonstrated to be maximum width.,True,Centimetres as reported by operators; no rescaling to force agreement,False,organ_identity_and_type_unresolved,,Repeated similar narrow organs cannot be matched uniquely from ruler to scan; leaf versus pod identity unresolved.,Confirm organ kind and annotated individual branch/object with operator.,,,,,
P4.O03.length,P4.O03,P4,length,2.9,,,unusable_for_leaf_validation_pending_organ_type,uncertain_leaf_or_pod,manual_validation_5-plants_28-09/plant-4_measurements_01.png,"[""manual_validation_5-plants_28-09/plant-4/Leaf-3/Media.jpeg""]",,False,False,True,board-referenced metre,unresolved,Organ identity unresolved or tentative; no nearest-shape or dimension-based assignment. Leaf-versus-pod identity unresolved.,True,Centimetres as reported by operators; no rescaling to force agreement,False,organ_identity_and_type_unresolved,,Repeated similar narrow organs cannot be matched uniquely from ruler to scan; leaf versus pod identity unresolved.,Confirm organ kind and annotated individual branch/object with operator.,,,,,
P4.O03.width,P4.O03,P4,width,0.3,,,unusable_for_leaf_validation_pending_organ_type,uncertain_leaf_or_pod,manual_validation_5-plants_28-09/plant-4_measurements_01.png,"[""manual_validation_5-plants_28-09/plant-4/Leaf-3/Media (1).jpeg""]",,False,False,True,board-referenced metre,unresolved,Organ identity unresolved or tentative; no nearest-shape or dimension-based assignment. Leaf-versus-pod identity unresolved. Photographed section is not demonstrated to be maximum width.,True,Centimetres as reported by operators; no rescaling to force agreement,False,organ_identity_and_type_unresolved,,Repeated similar narrow organs cannot be matched uniquely from ruler to scan; leaf versus pod identity unresolved.,Confirm organ kind and annotated individual branch/object with operator.,,,,,
P4.O04.length,P4.O04,P4,length,2.9,,,unusable_for_leaf_validation_pending_organ_type,uncertain_leaf_or_pod,manual_validation_5-plants_28-09/plant-4_measurements_01.png,"[""manual_validation_5-plants_28-09/plant-4/Leaf-4/Media.jpeg""]",,False,False,True,board-referenced metre,unresolved,Organ identity unresolved or tentative; no nearest-shape or dimension-based assignment. Leaf-versus-pod identity unresolved.,True,Centimetres as reported by operators; no rescaling to force agreement,False,organ_identity_and_type_unresolved,,Repeated similar narrow organs cannot be matched uniquely from ruler to scan; leaf versus pod identity unresolved.,Confirm organ kind and annotated individual branch/object with operator.,,,,,
P4.O04.width,P4.O04,P4,width,0.4,,,unusable_for_leaf_validation_pending_organ_type,uncertain_leaf_or_pod,manual_validation_5-plants_28-09/plant-4_measurements_01.png,"[""manual_validation_5-plants_28-09/plant-4/Leaf-4/Media (1).jpeg""]",,False,False,True,board-referenced metre,unresolved,Organ identity unresolved or tentative; no nearest-shape or dimension-based assignment. Leaf-versus-pod identity unresolved. Photographed section is not demonstrated to be maximum width.,True,Centimetres as reported by operators; no rescaling to force agreement,False,organ_identity_and_type_unresolved,,Repeated similar narrow organs cannot be matched uniquely from ruler to scan; leaf versus pod identity unresolved.,Confirm organ kind and annotated individual branch/object with operator.,,,,,
P5.H01.height,P5.H01,P5,height,31.8,,,operator_annotation_only,whole_plant,manual_validation_5-plants_28-09/plant-5_measurements_02.png,"[""manual_validation_5-plants_28-09/plant-5/Media (1).jpeg""]",,False,False,True,board-referenced metre,specimen_identity_supported_endpoint_pair_unresolved,"Radial petiole junction and lower curved stem are visible; actual soil-emergence point is hidden by the stem/leaf cluster. Highest retained points project to the terminal margin of the left-facing lobed green O05 leaf candidate, a plausible top surface. This does not establish all-terminal completeness or the stem origin.",True,Centimetres as reported by operators; no rescaling to force agreement,False,extent_completeness_diagnostic_not_height_accuracy,24.988223710532992,"Radial petiole junction and lower curved stem are visible; actual soil-emergence point is hidden by the stem/leaf cluster. Highest retained points project to the terminal margin of the left-facing lobed green O05 leaf candidate, a plausible top surface. This does not establish all-terminal completeness or the stem origin.",Mark actual stem emergence and highest living/flower tip in retained source geometry; inspect missing fine tips and verify vertical reference.,,,,,
P5.O01.length,P5.O01,P5,length,12,,,operator_annotation_only,leaf,manual_validation_5-plants_28-09/plant-5_measurements_01.png,"[""manual_validation_5-plants_28-09/plant-5/leaf-4/Media.jpeg""]",11.679115200213703,False,False,True,board-referenced metre,source_identity_supported_high,"Image identity supported, but complete homologous blade/ear endpoints and the ruler width cross-section are not frozen in 3D. An interior pool cannot supply full-organ length or width.",True,Centimetres as reported by operators; no rescaling to force agreement,False,conditional_same_organ_chord_comparison,,"Strong source-image organ identity; basal/terminal candidates reviewed in three views. Natural-pose straight chord compared with operator held-ruler annotation; basal boundary, flattening and curve-length convention remain conditional.",Operator review of displayed anatomical endpoints and ruler section; repeat uncertainty/pose characterization before publication as accuracy.,,,-0.32088479978629714,-2.674039998219143,P5.O01.length_candidate
P5.O01.width,P5.O01,P5,width,9.9,9.8,"[9.4, 10.2]",photo_supported_approximate,leaf,manual_validation_5-plants_28-09/plant-5_measurements_01.png,"[""manual_validation_5-plants_28-09/plant-5/leaf-4/Media (1).jpeg""]",9.758400367366564,False,False,True,board-referenced metre,source_identity_supported_high,"Image identity supported, but complete homologous blade/ear endpoints and the ruler width cross-section are not frozen in 3D. An interior pool cannot supply full-organ length or width. Photographed section is not demonstrated to be maximum width.",True,Centimetres as reported by operators; no rescaling to force agreement,False,conditional_same_organ_chord_comparison,,Strong source-image organ identity; same-organ opposing margins reviewed in three views. Natural-pose straight chord compared with held-ruler annotation; exact ruler cross-section and maximum-width convention remain conditional.,Operator review of displayed anatomical endpoints and ruler section; repeat uncertainty/pose characterization before publication as accuracy.,,,-0.14159963263343656,-1.430299319529662,P5.O01.width_candidate
P5.O02.length,P5.O02,P5,length,8,,,operator_annotation_only,leaf,manual_validation_5-plants_28-09/plant-5_measurements_01.png,"[""manual_validation_5-plants_28-09/plant-5/leaf-3/Media.jpeg""]",6.4682762513886995,False,False,True,board-referenced metre,source_identity_supported_high,"Image identity supported, but complete homologous blade/ear endpoints and the ruler width cross-section are not frozen in 3D. An interior pool cannot supply full-organ length or width.",True,Centimetres as reported by operators; no rescaling to force agreement,False,conditional_same_organ_chord_comparison,,"Strong source-image organ identity; basal/terminal candidates reviewed in three views. Natural-pose straight chord compared with operator held-ruler annotation; basal boundary, flattening and curve-length convention remain conditional. Axis corrected after venation review; previous mislabeled transverse attempt retained as rejected history.",Operator review of displayed anatomical endpoints and ruler section; repeat uncertainty/pose characterization before publication as accuracy.,,,-1.5317237486113005,-19.146546857641255,P5.O02.length_revision
P5.O02.width,P5.O02,P5,width,4.8,,,operator_annotation_only,leaf,manual_validation_5-plants_28-09/plant-5_measurements_01.png,"[""manual_validation_5-plants_28-09/plant-5/leaf-3/Media (1).jpeg""]",,False,False,True,board-referenced metre,source_identity_supported_high,"Image identity supported, but complete homologous blade/ear endpoints and the ruler width cross-section are not frozen in 3D. An interior pool cannot supply full-organ length or width. Photographed section is not demonstrated to be maximum width.",True,Centimetres as reported by operators; no rescaling to force agreement,False,attempted_missing_supported_endpoint,,Frozen source margin lacked a retained same-plant point within 4 px with two-view stereo-depth support; no farther point substituted.,"Inspect alternative source views for the same margin; rerun local stereo recovery if supported, otherwise mark missing.",,,,,
P5.O03.length,P5.O03,P5,length,11.9,,,operator_annotation_only,leaf,manual_validation_5-plants_28-09/plant-5_measurements_01.png,"[""manual_validation_5-plants_28-09/plant-5/leaf-2/Media.jpeg""]",9.797323277103388,False,False,True,board-referenced metre,source_identity_supported_high,"Image identity supported, but complete homologous blade/ear endpoints and the ruler width cross-section are not frozen in 3D. An interior pool cannot supply full-organ length or width.",True,Centimetres as reported by operators; no rescaling to force agreement,False,conditional_same_organ_chord_comparison,,"Strong source-image organ identity; basal/terminal candidates reviewed in three views. Natural-pose straight chord compared with operator held-ruler annotation; basal boundary, flattening and curve-length convention remain conditional. Distinctive damaged curled leaf; flattening especially affects length.",Operator review of displayed anatomical endpoints and ruler section; repeat uncertainty/pose characterization before publication as accuracy.,,,-2.1026767228966126,-17.669552293248845,P5.O03.length_candidate
P5.O03.width,P5.O03,P5,width,11.7,11.7,"[11.2, 12.2]",photo_supported_approximate,leaf,manual_validation_5-plants_28-09/plant-5_measurements_01.png,"[""manual_validation_5-plants_28-09/plant-5/leaf-2/Media (1).jpeg""]",11.571735824370721,False,False,True,board-referenced metre,source_identity_supported_high,"Image identity supported, but complete homologous blade/ear endpoints and the ruler width cross-section are not frozen in 3D. An interior pool cannot supply full-organ length or width. Photographed section is not demonstrated to be maximum width.",True,Centimetres as reported by operators; no rescaling to force agreement,False,conditional_same_organ_chord_comparison,,Strong source-image organ identity; same-organ opposing margins reviewed in three views. Natural-pose straight chord compared with held-ruler annotation; exact ruler cross-section and maximum-width convention remain conditional. Distinctive damaged curled leaf; flattening especially affects length.,Operator review of displayed anatomical endpoints and ruler section; repeat uncertainty/pose characterization before publication as accuracy.,,,-0.12826417562927794,-1.096275005378444,P5.O03.width_candidate
P5.O04.length,P5.O04,P5,length,12.9,12.9,"[12.6, 13.2]",photo_supported_approximate,leaf,manual_validation_5-plants_28-09/plant-5_measurements_01.png,"[""manual_validation_5-plants_28-09/plant-5/leaf-1/Media.jpeg""]",,False,False,True,board-referenced metre,source_identity_supported_high,"Image identity supported, but complete homologous blade/ear endpoints and the ruler width cross-section are not frozen in 3D. An interior pool cannot supply full-organ length or width.",True,Centimetres as reported by operators; no rescaling to force agreement,False,partial_observed_length_definition_mismatch,,Ruler image includes basal lobes down toward a small low lobe at its zero. This raw terminal-lamina origin cannot be substituted for that ruler origin; no residual is meaningful.,Recover true terminal/base points without substituting farther nearest points.,12.499417168740054,,,,
P5.O04.width,P5.O04,P5,width,9,9.0,"[8.7, 9.3]",photo_supported_approximate,leaf,manual_validation_5-plants_28-09/plant-5_measurements_01.png,"[""manual_validation_5-plants_28-09/plant-5/leaf-1/Media (1).jpeg""]",,False,False,True,board-referenced metre,source_identity_supported_high,"Image identity supported, but complete homologous blade/ear endpoints and the ruler width cross-section are not frozen in 3D. An interior pool cannot supply full-organ length or width. Photographed section is not demonstrated to be maximum width.",True,Centimetres as reported by operators; no rescaling to force agreement,False,different_cross_section_descriptive_only,,"New terminal-lamina chord is supported in three views, but ruler spans basal lobes. Different anatomical width sections; no residual.",Identify measured basal-lobe endpoints; use another view if occluded.,,8.766063917654657,,,
P5.O05.length,P5.O05,P5,length,13.2,,,operator_annotation_only,leaf,manual_validation_5-plants_28-09/plant-5_measurements_01.png,"[""manual_validation_5-plants_28-09/plant-5/leaf-5/Media.jpeg""]",11.97660275005639,False,False,True,board-referenced metre,source_identity_supported_high,"Image identity supported, but complete homologous blade/ear endpoints and the ruler width cross-section are not frozen in 3D. An interior pool cannot supply full-organ length or width.",True,Centimetres as reported by operators; no rescaling to force agreement,False,conditional_same_organ_chord_comparison,,"Strong source-image organ identity; basal/terminal candidates reviewed in three views. Natural-pose straight chord compared with operator held-ruler annotation; basal boundary, flattening and curve-length convention remain conditional.",Operator review of displayed anatomical endpoints and ruler section; repeat uncertainty/pose characterization before publication as accuracy.,,,-1.2233972499436092,-9.268160984421282,P5.O05.length_candidate
P5.O05.width,P5.O05,P5,width,7.8,7.6,"[7.2, 8.0]",photo_supported_approximate,leaf,manual_validation_5-plants_28-09/plant-5_measurements_01.png,"[""manual_validation_5-plants_28-09/plant-5/leaf-5/Media (1).jpeg""]",,False,False,True,board-referenced metre,source_identity_supported_high,"Image identity supported, but complete homologous blade/ear endpoints and the ruler width cross-section are not frozen in 3D. An interior pool cannot supply full-organ length or width. Photographed section is not demonstrated to be maximum width.",True,Centimetres as reported by operators; no rescaling to force agreement,False,attempted_missing_supported_endpoint,,Frozen source margin lacked a retained same-plant point within 4 px with two-view stereo-depth support; no farther point substituted.,"Inspect alternative source views for the same margin; rerun local stereo recovery if supported, otherwise mark missing.",,,,,
